0.031169147414239186,-35,-30
0.028537985619530686,-34,-30
0.028724508401357682,-33,-30
0.2929899856938484,-32,-30
0.25852057561221914,-31,-30
1.0987124463519313,-30,-30
1.25567136725935,-29,-30
1.25567136725935,-28,-30
1.25567136725935,-27,-30
1.25567136725935,-26,-30
0.878969957081545,-25,-30
1.25567136725935,-24,-30
1.25567136725935,-23,-30
1.25567136725935,-22,-30
1.25567136725935,-21,-30
1.25567136725935,-20,-30
1.25567136725935,-19,-30
0.18701488448543513,-18,-30
1.25567136725935,-17,-30
0.18701488448543513,-16,-30
1.25567136725935,-15,-30
1.0987124463519313,-14,-30
1.25567136725935,-13,-30
1.25567136725935,-12,-30
1.25567136725935,-11,-30
1.25567136725935,-10,-30
1.25567136725935,-9,-30
1.25567136725935,-8,-30
0.08214672496089206,-7,-30
0.030626130908764638,-6,-30
0.030519790176442536,-5,-30
0.032434315759466606,-4,-30
0.02729720363607283,-3,-30
0.035018723389702994,-2,-30
0.03544233697909456,-1,-30
0.034741895536819965,0,-30
0.033294316556119134,1,-30
0.033420910915648104,2,-30
0.031504299536972945,3,-30
0.028724508401357682,4,-30
0.02687981520127049,5,-30
0.04069305356859005,6,-30
0.06146643056514301,7,-30
0.04484540597354822,8,-30
0.05938986196496926,9,-30
0.1690326840541433,10,-30
0.1690326840541433,11,-30
0.06761307362165732,12,-30
0.0424623167672244,13,-30
0.0424623167672244,14,-30
0.03602335889678463,15,-30
0.03094964637611074,16,-30
0.03094964637611074,17,-30
0.027467811158798282,18,-30
0.02434819825710651,19,-30
0.024483842815641924,20,-30
0.02242270298677411,21,-30
0.021543381301018263,22,-30
0.02149070799710379,23,-30
0.020346526784295025,24,-30
0.019489356032850222,25,-30
0.01649099356625788,-35,-29
0.017302558210266637,-34,-29
0.023191819448061875,-33,-29
0.023191819448061875,-32,-29
0.04700374102040348,-31,-29
0.0424623167672244,-30,-29
0.04266844451852161,-29,-29
0.18311874105865522,-28,-29
1.0987124463519313,-27,-29
1.25567136725935,-26,-29
1.25567136725935,-25,-29
1.25567136725935,-24,-29
1.25567136725935,-23,-29
0.878969957081545,-22,-29
1.25567136725935,-21,-29
1.25567136725935,-20,-29
1.25567136725935,-19,-29
1.25567136725935,-18,-29
1.25567136725935,-17,-29
1.25567136725935,-16,-29
0.18701488448543513,-15,-29
1.25567136725935,-14,-29
1.25567136725935,-13,-29
1.25567136725935,-12,-29
0.9766332856461611,-11,-29
1.0987124463519313,-10,-29
1.25567136725935,-9,-29
0.878969957081545,-8,-29
0.03393706397998243,-7,-29
0.031846737575418296,-6,-29
0.032079195513925005,-5,-29
0.028724508401357682,-4,-29
0.038050647492707576,-3,-29
0.038050647492707576,-2,-29
0.048295052586898084,-1,-29
0.04700374102040348,0,-29
0.04700374102040348,1,-29
0.03821608509050196,2,-29
0.033294316556119134,3,-29
0.033294316556119134,4,-29
0.031846737575418296,5,-29
0.030626130908764638,6,-29
0.030626130908764638,7,-29
0.04700374102040348,8,-29
0.05707597123906137,9,-29
0.07643217018100391,10,-29
0.1204068434358281,11,-29
0.052949997414550906,12,-29
0.05263293156176917,13,-29
0.04088232358518814,14,-29
0.035018723389702994,15,-29
0.030101710858957024,16,-29
0.030205153164314262,17,-29
0.02350187051020174,18,-29
0.024147526293449042,19,-29
0.024214048404450277,20,-29
0.02271240199177119,21,-29
0.02164950633205776,22,-29
0.02175668210597884,23,-29
0.020536681240223016,24,-29
0.01931802103475923,25,-29
0.01658433881285934,-35,-28
0.017268564972132517,-34,-28
0.017336685544014695,-33,-28
0.02408136868716562,-32,-28
0.04416934457696206,-31,-28
0.05598534758481179,-30,-28
0.04439242207482551,-29,-28
1.0987124463519313,-28,-28
1.0987124463519313,-27,-28
1.0987124463519313,-26,-28
1.25567136725935,-25,-28
1.25567136725935,-24,-28
1.25567136725935,-23,-28
1.25567136725935,-22,-28
1.25567136725935,-21,-28
1.25567136725935,-20,-28
0.9766332856461611,-19,-28
1.25567136725935,-18,-28
1.25567136725935,-17,-28
0.1690326840541433,-16,-28
1.0987124463519313,-15,-28
0.18701488448543513,-14,-28
1.0987124463519313,-13,-28
1.25567136725935,-12,-28
1.25567136725935,-11,-28
1.25567136725935,-10,-28
0.09766332856461611,-9,-28
0.0955402127262549,-8,-28
0.031846737575418296,-7,-28
0.031846737575418296,-6,-28
0.031846737575418296,-5,-28
0.03380653681082866,-4,-28
0.048031145195712846,-3,-28
0.048295052586898084,-2,-28
1.25567136725935,-1,-28
0.878969957081545,0,-28
1.0987124463519313,1,-28
0.05392453724426657,2,-28
0.03602335889678463,3,-28
0.03587632477883857,4,-28
0.031962543893874366,5,-28
0.02900890947463845,6,-28
0.03094964637611074,7,-28
0.053595729090338114,8,-28
0.11268845603609552,9,-28
0.07386302160349119,10,-28
0.06866952789699571,11,-28
0.04507538241443821,12,-28
0.0453077297464714,13,-28
0.03708733996124663,14,-28
0.034068602987656786,15,-28
0.034334763948497854,16,-28
0.030733215282571506,17,-28
0.02772775889847145,18,-28
0.02271240199177119,19,-28
0.024690167333751265,20,-28
0.02242270298677411,21,-28
0.02242270298677411,22,-28
0.021078416236967507,23,-28
0.0185828743569037,24,-28
0.01910804254525098,25,-28
0.016398693229133305,-35,-27
0.017133917292037917,-34,-27
0.017336685544014695,-33,-27
0.024214048404450277,-32,-27
0.04461776431886016,-31,-27
0.0453077297464714,-30,-27
0.056707739166551294,-29,-27
0.18701488448543513,-28,-27
1.25567136725935,-27,-27
1.25567136725935,-26,-27
1.25567136725935,-25,-27
0.878969957081545,-24,-27
1.0987124463519313,-23,-27
1.25567136725935,-22,-27
1.25567136725935,-21,-27
1.25567136725935,-20,-27
1.25567136725935,-19,-27
1.25567136725935,-18,-27
1.25567136725935,-17,-27
1.25567136725935,-16,-27
1.25567136725935,-15,-27
1.25567136725935,-14,-27
1.25567136725935,-13,-27
1.25567136725935,-12,-27
1.25567136725935,-11,-27
0.9766332856461611,-10,-27
0.037562818678698505,-9,-27
0.037562818678698505,-8,-27
0.031962543893874366,-7,-27
0.031846737575418296,-6,-27
0.031962543893874366,-5,-27
0.027992673792405894,-4,-27
0.04700374102040348,-3,-27
0.04700374102040348,-2,-27
1.25567136725935,-1,-27
1.25567136725935,0,-27
1.25567136725935,1,-27
0.05392453724426657,2,-27
0.03529999827636727,3,-27
0.03529999827636727,4,-27
0.031962543893874366,5,-27
0.03094964637611074,6,-27
0.03094964637611074,7,-27
0.04013561447860936,8,-27
0.10103102954960289,9,-27
0.10220580896297035,10,-27
0.06323524871090253,11,-27
0.08789699570815451,12,-27
0.04507538241443821,13,-27
0.03724448970684513,14,-27
0.03231507195152739,15,-27
0.03231507195152739,16,-27
0.028353869583275647,17,-27
0.025185385589729086,18,-27
0.025330546313589195,19,-27
0.02039373450305209,20,-27
0.021919450301285413,21,-27
0.021974248927038628,22,-27
0.020878146248967815,23,-27
0.019841308286265125,24,-27
0.019886198124016857,25,-27
0.016127889120762295,-35,-26
0.01690326840541433,-34,-26
0.017509361694851497,-33,-26
0.024483842815641924,-32,-26
0.0424623167672244,-31,-26
0.0424623167672244,-30,-26
0.048031145195712846,-29,-26
1.0987124463519313,-28,-26
1.25567136725935,-27,-26
1.0987124463519313,-26,-26
0.18701488448543513,-25,-26
1.25567136725935,-24,-26
1.25567136725935,-23,-26
1.25567136725935,-22,-26
1.25567136725935,-21,-26
1.25567136725935,-20,-26
1.25567136725935,-19,-26
1.25567136725935,-18,-26
1.25567136725935,-17,-26
1.25567136725935,-16,-26
1.25567136725935,-15,-26
1.25567136725935,-14,-26
1.25567136725935,-13,-26
0.18311874105865522,-12,-26
1.0987124463519313,-11,-26
0.08533688903704321,-10,-26
0.14897795882738052,-9,-26
0.033420910915648104,-8,-26
0.031504299536972945,-7,-26
0.031504299536972945,-6,-26
0.031504299536972945,-5,-26
0.029795591765476102,-4,-26
0.029795591765476102,-3,-26
0.038050647492707576,-2,-26
0.18701488448543513,-1,-26
1.0987124463519313,0,-26
0.18701488448543513,1,-26
1.25567136725935,2,-26
0.18701488448543513,3,-26
0.03724448970684513,4,-26
0.03139178418148375,5,-26
0.031504299536972945,6,-26
0.030205153164314262,7,-26
0.03139178418148375,8,-26
0.03139178418148375,9,-26
0.06709694328866757,10,-26
0.06463014390305478,11,-26
0.06510888570974407,12,-26
0.0424623167672244,13,-26
0.030626130908764638,14,-26
0.0355858282219249,15,-26
0.031962543893874366,16,-26
0.028724508401357682,17,-26
0.028724508401357682,18,-26
0.025852057561221914,19,-26
0.023439198855507867,20,-26
0.021919450301285413,21,-26
0.022029322232620177,22,-26
0.018350103488132465,23,-26
0.019886198124016857,24,-26
0.019886198124016857,25,-26
0.01754431052058972,-35,-25
0.016935837323343837,-34,-25
0.017614628398427756,-33,-25
0.024759717100888593,-32,-25
0.02497073741708935,-31,-25
0.041855712241978336,-30,-25
0.038721143483768504,-29,-25
0.7990635973468592,-28,-25
1.0987124463519313,-27,-25
1.25567136725935,-26,-25
1.25567136725935,-25,-25
1.25567136725935,-24,-25
1.25567136725935,-23,-25
1.0987124463519313,-22,-25
1.25567136725935,-21,-25
0.18701488448543513,-20,-25
1.25567136725935,-19,-25
1.25567136725935,-18,-25
1.25567136725935,-17,-25
1.25567136725935,-16,-25
1.25567136725935,-15,-25
1.25567136725935,-14,-25
0.878969957081545,-13,-25
0.878969957081545,-12,-25
0.11877972392993852,-11,-25
0.07847946045370938,-10,-25
0.05938986196496926,-9,-25
0.033043983348930266,-8,-25
0.03094964637611074,-7,-25
0.031059009084153537,-6,-25
0.031059009084153537,-5,-25
0.028724508401357682,-4,-25
0.02863094322741189,-3,-25
0.02863094322741189,-2,-25
1.0987124463519313,-1,-25
1.25567136725935,0,-25
1.25567136725935,1,-25
0.18311874105865522,2,-25
1.0987124463519313,3,-25
0.03231507195152739,4,-25
0.031280069647030076,5,-25
0.027382241653630686,6,-25
0.029795591765476102,7,-25
0.03231507195152739,8,-25
0.032434315759466606,9,-25
0.05263293156176917,10,-25
0.054935622317596564,11,-25
0.0552811293761978,12,-25
0.03959324130997951,13,-25
0.03529999827636727,14,-25
0.030205153164314262,15,-25
0.032434315759466606,16,-25
0.029104965466276327,17,-25
0.029104965466276327,18,-25
0.025852057561221914,19,-25
0.023439198855507867,20,-25
0.02337686056067939,21,-25
0.021919450301285413,22,-25
0.020730423516074178,23,-25
0.019489356032850222,24,-25
0.019489356032850222,25,-25
0.017614628398427756,-35,-24
0.016838504924933814,-34,-24
0.017439880100824305,-33,-24
0.025551452240742588,-32,-24
0.025551452240742588,-31,-24
0.038050647492707576,-30,-24
0.02808210725500144,-29,-24
0.7324749642346209,-28,-24
1.0987124463519313,-27,-24
1.25567136725935,-26,-24
0.878969957081545,-25,-24
1.0987124463519313,-24,-24
1.25567136725935,-23,-24
1.25567136725935,-22,-24
1.25567136725935,-21,-24
1.25567136725935,-20,-24
1.25567136725935,-19,-24
1.25567136725935,-18,-24
0.1723470504081461,-17,-24
1.0987124463519313,-16,-24
1.25567136725935,-15,-24
1.25567136725935,-14,-24
0.031059009084153537,-13,-24
0.031059009084153537,-12,-24
0.023628224652729707,-11,-24
0.02350187051020174,-10,-24
0.02369191258979906,-9,-24
0.025403755985015753,-8,-24
0.030626130908764638,-7,-24
0.030626130908764638,-6,-24
0.030626130908764638,-5,-24
0.029104965466276327,-4,-24
0.02615982015123646,-3,-24
0.02615982015123646,-2,-24
0.05859799713876967,-1,-24
1.25567136725935,0,-24
0.18311874105865522,1,-24
1.25567136725935,2,-24
0.18311874105865522,3,-24
0.03617160317208004,4,-24
0.027553917149891693,5,-24
0.031962543893874366,6,-24
0.029795591765476102,7,-24
0.029495636143676007,8,-24
0.029495636143676007,9,-24
0.036931510801745594,10,-24
0.06146643056514301,11,-24
0.0627835683629675,12,-24
0.048031145195712846,13,-24
0.03724448970684513,14,-24
0.03740297689708703,15,-24
0.028262699584615598,16,-24
0.028353869583275647,17,-24
0.025776245075705133,18,-24
0.025928317318039677,19,-24
0.023628224652729707,20,-24
0.021864924305511072,21,-24
0.021974248927038628,22,-24
0.020346526784295025,23,-24
0.019489356032850222,24,-24
0.017133917292037917,25,-24
0.016307420354017534,-35,-23
0.017001353135039556,-34,-23
0.017865243030112703,-33,-23
0.025776245075705133,-32,-23
0.04675372112135878,-31,-23
0.047256449305459414,-30,-23
0.02808210725500144,-29,-23
1.0987124463519313,-28,-23
1.25567136725935,-27,-23
0.878969957081545,-26,-23
1.0987124463519313,-25,-23
1.25567136725935,-24,-23
1.25567136725935,-23,-23
1.25567136725935,-22,-23
1.25567136725935,-21,-23
0.18311874105865522,-20,-23
1.25567136725935,-19,-23
0.18701488448543513,-18,-23
1.0987124463519313,-17,-23
1.25567136725935,-16,-23
0.878969957081545,-15,-23
0.4626157668850237,-14,-23
0.02655498359762976,-13,-23
0.026395494206653006,-12,-23
0.025403755985015753,-11,-23
0.02497073741708935,-10,-23
0.026082194572152672,-9,-23
0.024483842815641924,-8,-23
0.030101710858957024,-7,-23
0.030101710858957024,-6,-23
0.030205153164314262,-5,-23
0.029896937315698813,-4,-23
0.02817211400902388,-3,-23
0.02817211400902388,-2,-23
0.027045229448662927,-1,-23
0.10220580896297035,0,-23
0.10220580896297035,1,-23
0.4626157668850237,2,-23
0.0627835683629675,3,-23
0.0627835683629675,4,-23
0.032079195513925005,5,-23
0.02969493098248463,6,-23
0.029896937315698813,7,-23
0.029795591765476102,8,-23
0.03923973022685469,9,-23
0.03941569314267018,10,-23
0.06020342171791405,11,-23
0.0499414748341787,12,-23
0.04031972280190574,13,-23
0.03941569314267018,14,-23
0.03544233697909456,15,-23
0.03529999827636727,16,-23
0.030626130908764638,17,-23
0.027467811158798282,18,-23
0.027382241653630686,19,-23
0.024214048404450277,20,-23
0.022252403976747975,21,-23
0.022196211037412754,22,-23
0.021543381301018263,23,-23
0.020681646048977532,24,-23
0.019532665712923225,25,-23
0.016521991674465133,-35,-22
0.017474551830647018,-34,-22
0.0175793991416309,-33,-22
0.02271240199177119,-32,-22
0.029298998569384834,-31,-22
0.02969493098248463,-30,-22
0.029896937315698813,-29,-22
1.0987124463519313,-28,-22
0.878969957081545,-27,-22
1.0987124463519313,-26,-22
1.0987124463519313,-25,-22
1.25567136725935,-24,-22
0.18311874105865522,-23,-22
0.878969957081545,-22,-22
1.0987124463519313,-21,-22
1.0987124463519313,-20,-22
1.25567136725935,-19,-22
1.25567136725935,-18,-22
1.25567136725935,-17,-22
1.25567136725935,-16,-22
0.2044116179259407,-15,-22
0.21438291636135245,-14,-22
0.02817211400902388,-13,-22
0.026237909166613286,-12,-22
0.030205153164314262,-11,-22
0.029795591765476102,-10,-22
0.029896937315698813,-9,-22
0.02969493098248463,-8,-22
0.029104965466276327,-7,-22
0.029795591765476102,-6,-22
0.029795591765476102,-5,-22
0.029795591765476102,-4,-22
0.025700875938056873,-3,-22
0.02525775738740072,-2,-22
0.026716412069347873,-1,-22
0.02369191258979906,0,-22
0.0226538648732357,1,-22
0.0226538648732357,2,-22
0.025551452240742588,3,-22
0.03995317986734296,4,-22
0.03995317986734296,5,-22
0.03139178418148375,6,-22
0.029396988531155355,7,-22
0.029201659703705817,8,-22
0.028445629679014404,9,-22
0.02891348543031398,10,-22
0.029104965466276327,11,-22
0.05263293156176917,12,-22
0.03923973022685469,13,-22
0.03941569314267018,14,-22
0.03460511642053327,15,-22
0.029795591765476102,16,-22
0.029795591765476102,17,-22
0.027128702379060034,18,-22
0.02164950633205776,19,-22
0.024690167333751265,20,-22
0.0226538648732357,21,-22
0.02149070799710379,22,-22
0.02149070799710379,23,-22
0.020536681240223016,24,-22
0.01931802103475923,25,-22
0.016398693229133305,-35,-21
0.017001353135039556,-34,-21
0.018160536303337707,-33,-21
0.020252763988054034,-32,-21
0.03219670172459872,-31,-21
0.027128702379060034,-30,-21
0.0355858282219249,-29,-21
0.03267546308853327,-28,-21
1.0987124463519313,-27,-21
1.25567136725935,-26,-21
1.25567136725935,-25,-21
0.878969957081545,-24,-21
1.25567136725935,-23,-21
1.25567136725935,-22,-21
1.25567136725935,-21,-21
1.25567136725935,-20,-21
1.25567136725935,-19,-21
1.25567136725935,-18,-21
1.25567136725935,-17,-21
1.25567136725935,-16,-21
0.03941569314267018,-15,-21
0.029104965466276327,-14,-21
0.02900890947463845,-13,-21
0.030205153164314262,-12,-21
0.028262699584615598,-11,-21
0.030101710858957024,-10,-21
0.029896937315698813,-9,-21
0.026005028316022045,-8,-21
0.029594948049883673,-7,-21
0.029795591765476102,-6,-21
0.029896937315698813,-5,-21
0.029298998569384834,-4,-21
0.029495636143676007,-3,-21
0.029104965466276327,-2,-21
0.027992673792405894,-1,-21
0.02808210725500144,0,-21
0.02325317346776574,1,-21
0.024415832141154028,2,-21
0.024415832141154028,3,-21
0.022949607234505093,4,-21
0.030101710858957024,5,-21
0.030205153164314262,6,-21
0.027212692169707276,7,-21
0.02863094322741189,8,-21
0.028724508401357682,9,-21
0.02781550497093497,10,-21
0.02969493098248463,11,-21
0.025928317318039677,12,-21
0.04351336421195768,13,-21
0.03740297689708703,14,-21
0.037724032492770176,15,-21
0.032434315759466606,16,-21
0.028445629679014404,17,-21
0.028353869583275647,18,-21
0.02525775738740072,19,-21
0.023439198855507867,20,-21
0.023439198855507867,21,-21
0.022252403976747975,22,-21
0.021282565546768644,23,-21
0.02006780723930468,24,-21
0.02006780723930468,25,-21
0.016039597756962502,-35,-20
0.016838504924933814,-34,-20
0.015612255010329397,-33,-20
0.02729720363607283,-32,-20
0.027992673792405894,-31,-20
0.027128702379060034,-30,-20
0.029396988531155355,-29,-20
1.0987124463519313,-28,-20
1.25567136725935,-27,-20
1.0987124463519313,-26,-20
1.25567136725935,-25,-20
0.18701488448543513,-24,-20
1.0987124463519313,-23,-20
1.25567136725935,-22,-20
1.25567136725935,-21,-20
1.25567136725935,-20,-20
1.25567136725935,-19,-20
1.25567136725935,-18,-20
1.25567136725935,-17,-20
0.09252315337700474,-16,-20
0.09350744224271756,-15,-20
0.029104965466276327,-14,-20
0.030101710858957024,-13,-20
0.030205153164314262,-12,-20
0.029795591765476102,-11,-20
0.029896937315698813,-10,-20
0.029795591765476102,-9,-20
0.02772775889847145,-8,-20
0.029396988531155355,-7,-20
0.029396988531155355,-6,-20
0.029495636143676007,-5,-20
0.025551452240742588,-4,-20
0.027212692169707276,-3,-20
0.02900890947463845,-2,-20
0.028724508401357682,-1,-20
0.028724508401357682,0,-20
0.028818687117427706,1,-20
0.028445629679014404,2,-20
0.027045229448662927,3,-20
0.027128702379060034,4,-20
0.02039373450305209,5,-20
0.027553917149891693,6,-20
0.024214048404450277,7,-20
0.028724508401357682,8,-20
0.02790380816131889,9,-20
0.02808210725500144,10,-20
0.026474998707275453,11,-20
0.03724448970684513,12,-20
0.03587632477883857,13,-20
0.038050647492707576,14,-20
0.033294316556119134,15,-20
0.02863094322741189,16,-20
0.029104965466276327,17,-20
0.02408136868716562,18,-20
0.025852057561221914,19,-20
0.023885053181563726,20,-20
0.022252403976747975,21,-20
0.022252403976747975,22,-20
0.019796620654989754,23,-20
0.02039373450305209,24,-20
0.019191483779073037,25,-20
0.017649999138183634,-35,-19
0.01680630893081348,-34,-19
0.01720097763368973,-33,-19
0.020977803271635922,-32,-19
0.030101710858957024,-31,-19
0.030101710858957024,-30,-19
0.025113427345187,-29,-19
0.03941569314267018,-28,-19
1.0987124463519313,-27,-19
1.25567136725935,-26,-19
0.878969957081545,-25,-19
1.0987124463519313,-24,-19
1.25567136725935,-23,-19
1.25567136725935,-22,-19
1.25567136725935,-21,-19
0.18311874105865522,-20,-19
1.25567136725935,-19,-19
1.25567136725935,-18,-19
0.9766332856461611,-17,-19
0.10719145818067623,-16,-19
0.02900890947463845,-15,-19
0.029104965466276327,-14,-19
0.029896937315698813,-13,-19
0.029795591765476102,-12,-19
0.025928317318039677,-11,-19
0.027553917149891693,-10,-19
0.029298998569384834,-9,-19
0.02900890947463845,-8,-19
0.029104965466276327,-7,-19
0.02900890947463845,-6,-19
0.028724508401357682,-5,-19
0.028724508401357682,-4,-19
0.02863094322741189,-3,-19
0.02504187911913234,-2,-19
0.02863094322741189,-1,-19
0.028353869583275647,0,-19
0.028353869583275647,1,-19
0.028353869583275647,2,-19
0.028353869583275647,3,-19
0.027992673792405894,4,-19
0.02808210725500144,5,-19
0.027992673792405894,6,-19
0.028262699584615598,7,-19
0.028353869583275647,8,-19
0.024759717100888593,9,-19
0.02729720363607283,10,-19
0.023755944785987703,11,-19
0.027992673792405894,12,-19
0.03923973022685469,13,-19
0.03941569314267018,14,-19
0.03544233697909456,15,-19
0.030626130908764638,16,-19
0.030519790176442536,17,-19
0.024415832141154028,18,-19
0.025551452240742588,19,-19
0.02547739006033464,20,-19
0.023191819448061875,21,-19
0.021919450301285413,22,-19
0.020878146248967815,23,-19
0.020927856120989168,24,-19
0.019752133867001014,25,-19
0.01661568916978346,-35,-18
0.015076671648053945,-34,-18
0.0212311583836122,-33,-18
0.021078416236967507,-32,-18
0.029998974644421333,-31,-18
0.028445629679014404,-30,-18
0.03923973022685469,-29,-18
0.03941569314267018,-28,-18
1.25567136725935,-27,-18
1.25567136725935,-26,-18
0.9766332856461611,-25,-18
1.25567136725935,-24,-18
1.25567136725935,-23,-18
0.9766332856461611,-22,-18
1.0987124463519313,-21,-18
1.25567136725935,-20,-18
1.25567136725935,-19,-18
1.25567136725935,-18,-18
0.10463928060494584,-17,-18
0.07146097212045081,-16,-18
0.028818687117427706,-15,-18
0.029495636143676007,-14,-18
0.029495636143676007,-13,-18
0.027992673792405894,-12,-18
0.029298998569384834,-11,-18
0.02900890947463845,-10,-18
0.02547739006033464,-9,-18
0.02900890947463845,-8,-18
0.02900890947463845,-7,-18
0.029104965466276327,-6,-18
0.027212692169707276,-5,-18
0.02863094322741189,-4,-18
0.028724508401357682,-3,-18
0.024690167333751265,-2,-18
0.028353869583275647,-1,-18
0.026635453244895305,0,-18
0.028353869583275647,1,-18
0.027992673792405894,2,-18
0.02790380816131889,3,-18
0.02808210725500144,4,-18
0.02808210725500144,5,-18
0.027992673792405894,6,-18
0.02808210725500144,7,-18
0.028353869583275647,8,-18
0.028262699584615598,9,-18
0.028445629679014404,10,-18
0.02428093804092666,11,-18
0.02772775889847145,12,-18
0.033294316556119134,13,-18
0.036931510801745594,14,-18
0.036776985651947494,15,-18
0.032434315759466606,16,-18
0.028353869583275647,17,-18
0.025185385589729086,18,-18
0.025330546313589195,19,-18
0.023885053181563726,20,-18
0.02259562871674923,21,-18
0.02271240199177119,22,-18
0.02149070799710379,23,-18
0.020252763988054034,24,-18
0.020252763988054034,25,-18
0.01649099356625788,-35,-17
0.015313065454382319,-34,-17
0.018198135757381887,-33,-17
0.02891348543031398,-32,-17
0.027553917149891693,-31,-17
0.02808210725500144,-30,-17
0.02863094322741189,-29,-17
0.7324749642346209,-28,-17
0.1464949928469242,-27,-17
1.0987124463519313,-26,-17
1.25567136725935,-25,-17
1.25567136725935,-24,-17
1.25567136725935,-23,-17
1.25567136725935,-22,-17
1.25567136725935,-21,-17
1.25567136725935,-20,-17
0.7990635973468592,-19,-17
1.25567136725935,-18,-17
0.878969957081545,-17,-17
0.031169147414239186,-16,-17
0.036321072606675414,-15,-17
0.02729720363607283,-14,-17
0.029396988531155355,-13,-17
0.029104965466276327,-12,-17
0.02900890947463845,-11,-17
0.029201659703705817,-10,-17
0.028724508401357682,-9,-17
0.028818687117427706,-8,-17
0.028724508401357682,-7,-17
0.028445629679014404,-6,-17
0.028353869583275647,-5,-17
0.028445629679014404,-4,-17
0.028353869583275647,-3,-17
0.028353869583275647,-2,-17
0.02808210725500144,-1,-17
0.027992673792405894,0,-17
0.027992673792405894,1,-17
0.02808210725500144,2,-17
0.026635453244895305,3,-17
0.02790380816131889,4,-17
0.02808210725500144,5,-17
0.026316465780884583,6,-17
0.02790380816131889,7,-17
0.02808210725500144,8,-17
0.02781550497093497,9,-17
0.02790380816131889,10,-17
0.02428093804092666,11,-17
0.031846737575418296,12,-17
0.03573048606022541,13,-17
0.03587632477883857,14,-17
0.033294316556119134,15,-17
0.030519790176442536,16,-17
0.030626130908764638,17,-17
0.027467811158798282,18,-17
0.02489999878417975,19,-17
0.021864924305511072,20,-17
0.02271240199177119,21,-17
0.021078416236967507,22,-17
0.021179998965820363,23,-17
0.02011372899500103,24,-17
0.018902579722183763,25,-17
0.016460111555834177,-35,-16
0.015154654432440432,-34,-16
0.021702961903248025,-33,-16
0.021810668910212036,-32,-16
0.027212692169707276,-31,-16
0.027992673792405894,-30,-16
0.027992673792405894,-29,-16
0.04088232358518814,-28,-16
0.878969957081545,-27,-16
1.0987124463519313,-26,-16
1.25567136725935,-25,-16
1.25567136725935,-24,-16
1.25567136725935,-23,-16
1.25567136725935,-22,-16
1.25567136725935,-21,-16
1.25567136725935,-20,-16
1.25567136725935,-19,-16
0.18311874105865522,-18,-16
1.25567136725935,-17,-16
0.07448897941369026,-16,-16
0.028818687117427706,-15,-16
0.02900890947463845,-14,-16
0.029104965466276327,-13,-16
0.029104965466276327,-12,-16
0.02497073741708935,-11,-16
0.028818687117427706,-10,-16
0.028724508401357682,-9,-16
0.028445629679014404,-8,-16
0.026635453244895305,-7,-16
0.028262699584615598,-6,-16
0.02808210725500144,-5,-16
0.027992673792405894,-4,-16
0.02808210725500144,-3,-16
0.022949607234505093,-2,-16
0.02790380816131889,-1,-16
0.027992673792405894,0,-16
0.02781550497093497,1,-16
0.0276405646880989,2,-16
0.02772775889847145,3,-16
0.02772775889847145,4,-16
0.027553917149891693,5,-16
0.027045229448662927,6,-16
0.0276405646880989,7,-16
0.0276405646880989,8,-16
0.02242270298677411,9,-16
0.02729720363607283,10,-16
0.02547739006033464,11,-16
0.02562594627059898,12,-16
0.02772775889847145,13,-16
0.03219670172459872,14,-16
0.034068602987656786,15,-16
0.031059009084153537,16,-16
0.027992673792405894,17,-16
0.024483842815641924,18,-16
0.02325317346776574,19,-16
0.023191819448061875,20,-16
0.023191819448061875,21,-16
0.022252403976747975,22,-16
0.021334222259260804,23,-16
0.019796620654989754,24,-16
0.020206205909920578,25,-16
0.016521991674465133,-35,-15
0.015102576582157131,-34,-15
0.018661782528270596,-33,-15
0.026716412069347873,-32,-15
0.027128702379060034,-31,-15
0.02772775889847145,-30,-15
0.024759717100888593,-29,-15
1.0987124463519313,-28,-15
1.0987124463519313,-27,-15
1.0987124463519313,-26,-15
1.25567136725935,-25,-15
1.25567136725935,-24,-15
1.25567136725935,-23,-15
1.25567136725935,-22,-15
0.9766332856461611,-21,-15
1.25567136725935,-20,-15
1.0987124463519313,-19,-15
1.25567136725935,-18,-15
1.0987124463519313,-17,-15
1.0987124463519313,-16,-15
0.029896937315698813,-15,-15
0.029104965466276327,-14,-15
0.02729720363607283,-13,-15
0.02900890947463845,-12,-15
0.028724508401357682,-11,-15
0.028353869583275647,-10,-15
0.024759717100888593,-9,-15
0.028445629679014404,-8,-15
0.02808210725500144,-7,-15
0.027992673792405894,-6,-15
0.02808210725500144,-5,-15
0.02808210725500144,-4,-15
0.027992673792405894,-3,-15
0.027553917149891693,-2,-15
0.02772775889847145,-1,-15
0.0276405646880989,0,-15
0.02772775889847145,1,-15
0.0276405646880989,2,-15
0.0276405646880989,3,-15
0.02772775889847145,4,-15
0.02772775889847145,5,-15
0.0276405646880989,6,-15
0.0276405646880989,7,-15
0.02772775889847145,8,-15
0.0276405646880989,9,-15
0.026005028316022045,10,-15
0.02350187051020174,11,-15
0.024690167333751265,12,-15
0.021810668910212036,13,-15
0.029104965466276327,14,-15
0.029396988531155355,15,-15
0.03139178418148375,16,-15
0.028353869583275647,17,-15
0.025776245075705133,18,-15
0.025776245075705133,19,-15
0.019403310310850883,20,-15
0.02208467228848103,21,-15
0.019532665712923225,22,-15
0.020730423516074178,23,-15
0.01970784657133509,24,-15
0.01931802103475923,25,-15
0.01618729202728444,-35,-14
0.017100582822598152,-34,-14
0.017302558210266637,-33,-14
0.020346526784295025,-32,-14
0.027045229448662927,-31,-14
0.02655498359762976,-30,-14
0.02781550497093497,-29,-14
0.041266195168147654,-28,-14
1.0987124463519313,-27,-14
0.9766332856461611,-26,-14
0.18311874105865522,-25,-14
1.0987124463519313,-24,-14
1.25567136725935,-23,-14
1.25567136725935,-22,-14
1.25567136725935,-21,-14
1.25567136725935,-20,-14
1.25567136725935,-19,-14
1.0987124463519313,-18,-14
0.9766332856461611,-17,-14
0.028724508401357682,-16,-14
0.027212692169707276,-15,-14
0.025403755985015753,-14,-14
0.02863094322741189,-13,-14
0.028262699584615598,-12,-14
0.028353869583275647,-11,-14
0.028445629679014404,-10,-14
0.024690167333751265,-9,-14
0.028353869583275647,-8,-14
0.024552233438031985,-7,-14
0.027992673792405894,-6,-14
0.0276405646880989,-5,-14
0.02772775889847145,-4,-14
0.02772775889847145,-3,-14
0.0276405646880989,-2,-14
0.02772775889847145,-1,-14
0.023885053181563726,0,-14
0.02729720363607283,1,-14
0.023950135070341827,2,-14
0.027382241653630686,3,-14
0.02729720363607283,4,-14
0.027382241653630686,5,-14
0.027382241653630686,6,-14
0.02729720363607283,7,-14
0.027382241653630686,8,-14
0.027467811158798282,9,-14
0.02729720363607283,10,-14
0.027382241653630686,11,-14
0.027045229448662927,12,-14
0.02547739006033464,13,-14
0.025551452240742588,14,-14
0.026797864545169057,15,-14
0.030205153164314262,16,-14
0.030205153164314262,17,-14
0.02772775889847145,18,-14
0.024690167333751265,19,-14
0.024759717100888593,20,-14
0.022480050053236448,21,-14
0.01906659342910076,22,-14
0.021702961903248025,23,-14
0.020927856120989168,24,-14
0.01997658993367148,25,-14
0.0175793991416309,-35,-13
0.016935837323343837,-34,-13
0.01910804254525098,-33,-13
0.016647158278059567,-32,-13
0.026237909166613286,-31,-13
0.027045229448662927,-30,-13
0.027382241653630686,-29,-13
0.02525775738740072,-28,-13
0.878969957081545,-27,-13
1.25567136725935,-26,-13
0.18311874105865522,-25,-13
1.25567136725935,-24,-13
0.878969957081545,-23,-13
1.0987124463519313,-22,-13
1.25567136725935,-21,-13
1.25567136725935,-20,-13
1.25567136725935,-19,-13
1.25567136725935,-18,-13
0.03139178418148375,-17,-13
0.031280069647030076,-16,-13
0.028724508401357682,-15,-13
0.02863094322741189,-14,-13
0.027128702379060034,-13,-13
0.028353869583275647,-12,-13
0.027992673792405894,-11,-13
0.027992673792405894,-10,-13
0.024483842815641924,-9,-13
0.02772775889847145,-8,-13
0.0276405646880989,-7,-13
0.026005028316022045,-6,-13
0.0276405646880989,-5,-13
0.027382241653630686,-4,-13
0.027382241653630686,-3,-13
0.02729720363607283,-2,-13
0.025700875938056873,-1,-13
0.02729720363607283,0,-13
0.027382241653630686,1,-13
0.027045229448662927,2,-13
0.027045229448662927,3,-13
0.027045229448662927,4,-13
0.027128702379060034,5,-13
0.027045229448662927,6,-13
0.027128702379060034,7,-13
0.027382241653630686,8,-13
0.02729720363607283,9,-13
0.027382241653630686,10,-13
0.023950135070341827,11,-13
0.027382241653630686,12,-13
0.023820324040150272,13,-13
0.025776245075705133,14,-13
0.02504187911913234,15,-13
0.02615982015123646,16,-13
0.02808210725500144,17,-13
0.025776245075705133,18,-13
0.025852057561221914,19,-13
0.01894331804055054,20,-13
0.022029322232620177,21,-13
0.022029322232620177,22,-13
0.02112908550676791,23,-13
0.02006780723930468,24,-13
0.0185828743569037,25,-13
0.017756968829930202,-35,-12
0.016678746813691556,-34,-12
0.017509361694851497,-33,-12
0.023191819448061875,-32,-12
0.026962268622133283,-31,-12
0.026635453244895305,-30,-12
0.027382241653630686,-29,-12
0.04416934457696206,-28,-12
0.03959324130997951,-27,-12
0.878969957081545,-26,-12
1.0987124463519313,-25,-12
1.25567136725935,-24,-12
1.25567136725935,-23,-12
1.25567136725935,-22,-12
1.25567136725935,-21,-12
1.25567136725935,-20,-12
1.25567136725935,-19,-12
1.25567136725935,-18,-12
0.050226854690374,-17,-12
0.024690167333751265,-16,-12
0.028262699584615598,-15,-12
0.028353869583275647,-14,-12
0.028445629679014404,-13,-12
0.027992673792405894,-12,-12
0.026797864545169057,-11,-12
0.02808210725500144,-10,-12
0.02428093804092666,-9,-12
0.0276405646880989,-8,-12
0.02772775889847145,-7,-12
0.027382241653630686,-6,-12
0.02729720363607283,-5,-12
0.02729720363607283,-4,-12
0.027382241653630686,-3,-12
0.026962268622133283,-2,-12
0.027045229448662927,-1,-12
0.023755944785987703,0,-12
0.026962268622133283,1,-12
0.027045229448662927,2,-12
0.027128702379060034,3,-12
0.027045229448662927,4,-12
0.027045229448662927,5,-12
0.027045229448662927,6,-12
0.02562594627059898,7,-12
0.026962268622133283,8,-12
0.026962268622133283,9,-12
0.025330546313589195,10,-12
0.026962268622133283,11,-12
0.027128702379060034,12,-12
0.026962268622133283,13,-12
0.027128702379060034,14,-12
0.026316465780884583,15,-12
0.02615982015123646,16,-12
0.026237909166613286,17,-12
0.027045229448662927,18,-12
0.02497073741708935,19,-12
0.02489999878417975,20,-12
0.022949607234505093,21,-12
0.018984232334374622,22,-12
0.02149070799710379,23,-12
0.02029953711504723,24,-12
0.019149672267571787,25,-12
0.016157535975763696,-35,-11
0.017034301493828393,-34,-11
0.019752133867001014,-33,-11
0.01690326840541433,-32,-11
0.026716412069347873,-31,-11
0.02655498359762976,-30,-11
0.026962268622133283,-29,-11
0.025551452240742588,-28,-11
0.9766332856461611,-27,-11
0.878969957081545,-26,-11
0.18311874105865522,-25,-11
1.25567136725935,-24,-11
1.25567136725935,-23,-11
1.25567136725935,-22,-11
1.25567136725935,-21,-11
1.25567136725935,-20,-11
1.25567136725935,-19,-11
0.5493562231759657,-18,-11
0.028353869583275647,-17,-11
0.028445629679014404,-16,-11
0.028445629679014404,-15,-11
0.024759717100888593,-14,-11
0.028353869583275647,-13,-11
0.02808210725500144,-12,-11
0.0276405646880989,-11,-11
0.02772775889847145,-10,-11
0.0276405646880989,-9,-11
0.027382241653630686,-8,-11
0.023885053181563726,-7,-11
0.027382241653630686,-6,-11
0.027128702379060034,-5,-11
0.025928317318039677,-4,-11
0.027045229448662927,-3,-11
0.027128702379060034,-2,-11
0.027045229448662927,-1,-11
0.027045229448662927,0,-11
0.027045229448662927,1,-11
0.02337686056067939,2,-11
0.026797864545169057,3,-11
0.021919450301285413,4,-11
0.026716412069347873,5,-11
0.026716412069347873,6,-11
0.026635453244895305,7,-11
0.026716412069347873,8,-11
0.026797864545169057,9,-11
0.027045229448662927,10,-11
0.027128702379060034,11,-11
0.027045229448662927,12,-11
0.023628224652729707,13,-11
0.027045229448662927,14,-11
0.026395494206653006,15,-11
0.026474998707275453,16,-11
0.026716412069347873,17,-11
0.025776245075705133,18,-11
0.025852057561221914,19,-11
0.02325317346776574,20,-11
0.022196211037412754,21,-11
0.019489356032850222,22,-11
0.021334222259260804,23,-11
0.02029953711504723,24,-11
0.02029953711504723,25,-11
0.01618729202728444,-35,-10
0.017133917292037917,-34,-10
0.017370947768409983,-33,-10
0.02077943160949279,-32,-10
0.026716412069347873,-31,-10
0.026797864545169057,-30,-10
0.027128702379060034,-29,-10
0.0552811293761978,-28,-10
0.056707739166551294,-27,-10
1.25567136725935,-26,-10
0.18701488448543513,-25,-10
1.0987124463519313,-24,-10
1.25567136725935,-23,-10
1.25567136725935,-22,-10
0.878969957081545,-21,-10
1.0987124463519313,-20,-10
1.25567136725935,-19,-10
1.25567136725935,-18,-10
0.041855712241978336,-17,-10
0.028262699584615598,-16,-10
0.028353869583275647,-15,-10
0.028353869583275647,-14,-10
0.02808210725500144,-13,-10
0.0276405646880989,-12,-10
0.02772775889847145,-11,-10
0.02772775889847145,-10,-10
0.023950135070341827,-9,-10
0.02729720363607283,-8,-10
0.02729720363607283,-7,-10
0.027128702379060034,-6,-10
0.027045229448662927,-5,-10
0.027045229448662927,-4,-10
0.026716412069347873,-3,-10
0.026716412069347873,-2,-10
0.026716412069347873,-1,-10
0.023439198855507867,0,-10
0.026635453244895305,1,-10
0.026797864545169057,2,-10
0.026797864545169057,3,-10
0.026635453244895305,4,-10
0.026797864545169057,5,-10
0.026716412069347873,6,-10
0.026635453244895305,7,-10
0.026797864545169057,8,-10
0.026797864545169057,9,-10
0.026635453244895305,10,-10
0.02337686056067939,11,-10
0.026395494206653006,12,-10
0.026716412069347873,13,-10
0.026797864545169057,14,-10
0.027045229448662927,15,-10
0.026395494206653006,16,-10
0.026395494206653006,17,-10
0.026474998707275453,18,-10
0.024147526293449042,19,-10
0.024214048404450277,20,-10
0.02271240199177119,21,-10
0.021810668910212036,22,-10
0.020878146248967815,23,-10
0.020878146248967815,24,-10
0.019931291543799207,25,-10
0.016337731544266636,-35,-9
0.016935837323343837,-34,-9
0.019841308286265125,-33,-9
0.017439880100824305,-32,-9
0.026797864545169057,-31,-9
0.025928317318039677,-30,-9
0.026474998707275453,-29,-9
0.02504187911913234,-28,-9
0.9766332856461611,-27,-9
1.25567136725935,-26,-9
0.878969957081545,-25,-9
1.25567136725935,-24,-9
1.25567136725935,-23,-9
0.878969957081545,-22,-9
1.0987124463519313,-21,-9
1.25567136725935,-20,-9
0.1723470504081461,-19,-9
0.0552811293761978,-18,-9
0.04484540597354822,-17,-9
0.028445629679014404,-16,-9
0.027992673792405894,-15,-9
0.02808210725500144,-14,-9
0.02772775889847145,-13,-9
0.0276405646880989,-12,-9
0.02772775889847145,-11,-9
0.023885053181563726,-10,-9
0.026962268622133283,-9,-9
0.023755944785987703,-8,-9
0.027128702379060034,-7,-9
0.02504187911913234,-6,-9
0.026797864545169057,-5,-9
0.026797864545169057,-4,-9
0.026797864545169057,-3,-9
0.026797864545169057,-2,-9
0.026716412069347873,-1,-9
0.026395494206653006,0,-9
0.026474998707275453,1,-9
0.02655498359762976,2,-9
0.025776245075705133,3,-9
0.026474998707275453,4,-9
0.023130788344251186,5,-9
0.026395494206653006,6,-9
0.023191819448061875,7,-9
0.026474998707275453,8,-9
0.023130788344251186,9,-9
0.026474998707275453,10,-9
0.026716412069347873,11,-9
0.026716412069347873,12,-9
0.026797864545169057,13,-9
0.027045229448662927,14,-9
0.027128702379060034,15,-9
0.02781550497093497,16,-9
0.026716412069347873,17,-9
0.025330546313589195,18,-9
0.024483842815641924,19,-9
0.022949607234505093,20,-9
0.022140301185933124,21,-9
0.019191483779073037,22,-9
0.020488810188381005,23,-9
0.01808580158604002,24,-9
0.019360571741884252,25,-9
0.016521991674465133,-35,-8
0.016935837323343837,-34,-8
0.02015986140095287,-33,-8
0.02006780723930468,-32,-8
0.02615982015123646,-31,-8
0.026395494206653006,-30,-8
0.026474998707275453,-29,-8
0.021334222259260804,-28,-8
0.9766332856461611,-27,-8
1.0987124463519313,-26,-8
1.25567136725935,-25,-8
1.25567136725935,-24,-8
1.25567136725935,-23,-8
1.25567136725935,-22,-8
1.25567136725935,-21,-8
1.25567136725935,-20,-8
0.9766332856461611,-19,-8
0.04675372112135878,-18,-8
0.047256449305459414,-17,-8
0.02808210725500144,-16,-8
0.027992673792405894,-15,-8
0.02808210725500144,-14,-8
0.024214048404450277,-13,-8
0.02729720363607283,-12,-8
0.027382241653630686,-11,-8
0.027382241653630686,-10,-8
0.027045229448662927,-9,-8
0.027128702379060034,-8,-8
0.027045229448662927,-7,-8
0.025113427345187,-6,-8
0.026716412069347873,-5,-8
0.026716412069347873,-4,-8
0.026082194572152672,-3,-8
0.023191819448061875,-2,-8
0.026395494206653006,-1,-8
0.026395494206653006,0,-8
0.026474998707275453,1,-8
0.026474998707275453,2,-8
0.02434819825710651,3,-8
0.026082194572152672,4,-8
0.02655498359762976,5,-8
0.026395494206653006,6,-8
0.026474998707275453,7,-8
0.026474998707275453,8,-8
0.02655498359762976,9,-8
0.026395494206653006,10,-8
0.026395494206653006,11,-8
0.026474998707275453,12,-8
0.026797864545169057,13,-8
0.026716412069347873,14,-8
0.026716412069347873,15,-8
0.025852057561221914,16,-8
0.020730423516074178,17,-8
0.02369191258979906,18,-8
0.023885053181563726,19,-8
0.023628224652729707,20,-8
0.021974248927038628,21,-8
0.02208467228848103,22,-8
0.020633097584073827,23,-8
0.020730423516074178,24,-8
0.019532665712923225,25,-8
0.01642934499217841,-35,-7
0.01720097763368973,-34,-7
0.0175793991416309,-33,-7
0.020206205909920578,-32,-7
0.02497073741708935,-31,-7
0.026237909166613286,-30,-7
0.02615982015123646,-29,-7
0.02489999878417975,-28,-7
1.0987124463519313,-27,-7
1.0987124463519313,-26,-7
1.25567136725935,-25,-7
1.0987124463519313,-24,-7
1.25567136725935,-23,-7
1.25567136725935,-22,-7
1.25567136725935,-21,-7
1.25567136725935,-20,-7
0.9766332856461611,-19,-7
0.043086762602036525,-18,-7
0.04351336421195768,-17,-7
0.02808210725500144,-16,-7
0.0276405646880989,-15,-7
0.02772775889847145,-14,-7
0.027467811158798282,-13,-7
0.02729720363607283,-12,-7
0.027382241653630686,-11,-7
0.027128702379060034,-10,-7
0.02369191258979906,-9,-7
0.027128702379060034,-8,-7
0.023628224652729707,-7,-7
0.026716412069347873,-6,-7
0.026797864545169057,-5,-7
0.02655498359762976,-4,-7
0.024690167333751265,-3,-7
0.026474998707275453,-2,-7
0.02615982015123646,-1,-7
0.026082194572152672,0,-7
0.026237909166613286,1,-7
0.02615982015123646,2,-7
0.02462100720116373,3,-7
0.026082194572152672,4,-7
0.02615982015123646,5,-7
0.02615982015123646,6,-7
0.02615982015123646,7,-7
0.02283038849562455,8,-7
0.02615982015123646,9,-7
0.023130788344251186,10,-7
0.026474998707275453,11,-7
0.02325317346776574,12,-7
0.026474998707275453,13,-7
0.024690167333751265,14,-7
0.024759717100888593,15,-7
0.023191819448061875,16,-7
0.022889842632331903,17,-7
0.022949607234505093,18,-7
0.02434819825710651,19,-7
0.023885053181563726,20,-7
0.022365647762889188,21,-7
0.022029322232620177,22,-7
0.020633097584073827,23,-7
0.019233478273119147,24,-7
0.017509361694851497,25,-7
0.01642934499217841,-35,-6
0.017100582822598152,-34,-6
0.01997658993367148,-33,-6
0.02006780723930468,-32,-6
0.02615982015123646,-31,-6
0.026005028316022045,-30,-6
0.022889842632331903,-29,-6
0.024552233438031985,-28,-6
1.0987124463519313,-27,-6
1.0987124463519313,-26,-6
0.878969957081545,-25,-6
1.0987124463519313,-24,-6
1.25567136725935,-23,-6
1.25567136725935,-22,-6
1.25567136725935,-21,-6
1.25567136725935,-20,-6
0.9766332856461611,-19,-6
0.03380653681082866,-18,-6
0.03393706397998243,-17,-6
0.02781550497093497,-16,-6
0.0276405646880989,-15,-6
0.024214048404450277,-14,-6
0.02772775889847145,-13,-6
0.02729720363607283,-12,-6
0.027467811158798282,-11,-6
0.027045229448662927,-10,-6
0.026716412069347873,-9,-6
0.026797864545169057,-8,-6
0.026474998707275453,-7,-6
0.02504187911913234,-6,-6
0.026395494206653006,-5,-6
0.026474998707275453,-4,-6
0.0212311583836122,-3,-6
0.026082194572152672,-2,-6
0.022889842632331903,-1,-6
0.026082194572152672,0,-6
0.024552233438031985,1,-6
0.02615982015123646,2,-6
0.024415832141154028,3,-6
0.026082194572152672,4,-6
0.025776245075705133,5,-6
0.025776245075705133,6,-6
0.02615982015123646,7,-6
0.02615982015123646,8,-6
0.02615982015123646,9,-6
0.02615982015123646,10,-6
0.02615982015123646,11,-6
0.02615982015123646,12,-6
0.026474998707275453,13,-6
0.026474998707275453,14,-6
0.026474998707275453,15,-6
0.026716412069347873,16,-6
0.026635453244895305,17,-6
0.02337686056067939,18,-6
0.026797864545169057,19,-6
0.023820324040150272,20,-6
0.022252403976747975,21,-6
0.022029322232620177,22,-6
0.020633097584073827,23,-6
0.020681646048977532,24,-6
0.019576168309165816,25,-6
0.016398693229133305,-35,-5
0.017100582822598152,-34,-5
0.01997658993367148,-33,-5
0.019931291543799207,-32,-5
0.026474998707275453,-31,-5
0.023009684740354582,-30,-5
0.02615982015123646,-29,-5
0.02462100720116373,-28,-5
1.0987124463519313,-27,-5
1.25567136725935,-26,-5
1.0987124463519313,-25,-5
1.25567136725935,-24,-5
1.25567136725935,-23,-5
1.25567136725935,-22,-5
1.25567136725935,-21,-5
1.25567136725935,-20,-5
1.25567136725935,-19,-5
0.029495636143676007,-18,-5
0.029495636143676007,-17,-5
0.02772775889847145,-16,-5
0.02729720363607283,-15,-5
0.027467811158798282,-14,-5
0.027045229448662927,-13,-5
0.027045229448662927,-12,-5
0.027045229448662927,-11,-5
0.026797864545169057,-10,-5
0.026716412069347873,-9,-5
0.026716412069347873,-8,-5
0.026474998707275453,-7,-5
0.026316465780884583,-6,-5
0.026474998707275453,-5,-5
0.02283038849562455,-4,-5
0.024483842815641924,-3,-5
0.023009684740354582,-2,-5
0.02615982015123646,-1,-5
0.025776245075705133,0,-5
0.025852057561221914,1,-5
0.025852057561221914,2,-5
0.024552233438031985,3,-5
0.025852057561221914,4,-5
0.025852057561221914,5,-5
0.025852057561221914,6,-5
0.025852057561221914,7,-5
0.025852057561221914,8,-5
0.025852057561221914,9,-5
0.025776245075705133,10,-5
0.02615982015123646,11,-5
0.02615982015123646,12,-5
0.02615982015123646,13,-5
0.026716412069347873,14,-5
0.026797864545169057,15,-5
0.027382241653630686,16,-5
0.027992673792405894,17,-5
0.02808210725500144,18,-5
0.023885053181563726,19,-5
0.023820324040150272,20,-5
0.02006780723930468,21,-5
0.02175668210597884,22,-5
0.020252763988054034,23,-5
0.018781409339349252,24,-5
0.01944623798852976,25,-5
0.01642934499217841,-35,-4
0.017100582822598152,-34,-4
0.020022094694340433,-33,-4
0.02006780723930468,-32,-4
0.023191819448061875,-31,-4
0.02547739006033464,-30,-4
0.02325317346776574,-29,-4
0.024483842815641924,-28,-4
0.9766332856461611,-27,-4
1.25567136725935,-26,-4
0.878969957081545,-25,-4
1.0987124463519313,-24,-4
1.25567136725935,-23,-4
1.0987124463519313,-22,-4
1.25567136725935,-21,-4
1.25567136725935,-20,-4
0.9766332856461611,-19,-4
0.033294316556119134,-18,-4
0.033420910915648104,-17,-4
0.027553917149891693,-16,-4
0.027382241653630686,-15,-4
0.024015572597856423,-14,-4
0.027128702379060034,-13,-4
0.026716412069347873,-12,-4
0.026797864545169057,-11,-4
0.026716412069347873,-10,-4
0.026716412069347873,-9,-4
0.026797864545169057,-8,-4
0.026474998707275453,-7,-4
0.02525775738740072,-6,-4
0.025928317318039677,-5,-4
0.02615982015123646,-4,-4
0.021334222259260804,-3,-4
0.026082194572152672,-2,-4
0.025776245075705133,-1,-4
0.025776245075705133,0,-4
0.025776245075705133,1,-4
0.025776245075705133,2,-4
0.02408136868716562,3,-4
0.025776245075705133,4,-4
0.025776245075705133,5,-4
0.025852057561221914,6,-4
0.025852057561221914,7,-4
0.025776245075705133,8,-4
0.025852057561221914,9,-4
0.025852057561221914,10,-4
0.02615982015123646,11,-4
0.02615982015123646,12,-4
0.02615982015123646,13,-4
0.026716412069347873,14,-4
0.026797864545169057,15,-4
0.02729720363607283,16,-4
0.0276405646880989,17,-4
0.024214048404450277,18,-4
0.027382241653630686,19,-4
0.023820324040150272,20,-4
0.022365647762889188,21,-4
0.021810668910212036,22,-4
0.020488810188381005,23,-4
0.02039373450305209,24,-4
0.019275656953542653,25,-4
0.016398693229133305,-35,-3
0.01706737780740864,-34,-3
0.020022094694340433,-33,-3
0.019886198124016857,-32,-3
0.02615982015123646,-31,-3
0.0226538648732357,-30,-3
0.025852057561221914,-29,-3
0.024415832141154028,-28,-3
0.9766332856461611,-27,-3
1.25567136725935,-26,-3
1.0987124463519313,-25,-3
1.25567136725935,-24,-3
1.25567136725935,-23,-3
1.0987124463519313,-22,-3
1.0987124463519313,-21,-3
1.25567136725935,-20,-3
1.25567136725935,-19,-3
1.25567136725935,-18,-3
0.02808210725500144,-17,-3
0.027382241653630686,-16,-3
0.027045229448662927,-15,-3
0.027128702379060034,-14,-3
0.023564878205939548,-13,-3
0.026716412069347873,-12,-3
0.025551452240742588,-11,-3
0.026395494206653006,-10,-3
0.026395494206653006,-9,-3
0.02655498359762976,-8,-3
0.026237909166613286,-7,-3
0.026082194572152672,-6,-3
0.02615982015123646,-5,-3
0.022889842632331903,-4,-3
0.025700875938056873,-3,-3
0.02259562871674923,-2,-3
0.025852057561221914,-1,-3
0.025700875938056873,0,-3
0.025852057561221914,1,-3
0.025852057561221914,2,-3
0.025776245075705133,3,-3
0.025776245075705133,4,-3
0.025551452240742588,5,-3
0.025551452240742588,6,-3
0.025852057561221914,7,-3
0.025776245075705133,8,-3
0.025852057561221914,9,-3
0.02428093804092666,10,-3
0.025700875938056873,11,-3
0.025852057561221914,12,-3
0.024552233438031985,13,-3
0.026395494206653006,14,-3
0.026395494206653006,15,-3
0.027045229448662927,16,-3
0.02729720363607283,17,-3
0.027382241653630686,18,-3
0.024015572597856423,19,-3
0.024147526293449042,20,-3
0.024147526293449042,21,-3
0.02175668210597884,22,-3
0.020488810188381005,23,-3
0.020488810188381005,24,-3
0.019275656953542653,25,-3
0.01658433881285934,-35,-2
0.016968531989991216,-34,-2
0.01997658993367148,-33,-2
0.02015986140095287,-32,-2
0.023009684740354582,-31,-2
0.02497073741708935,-30,-2
0.02547739006033464,-29,-2
0.02462100720116373,-28,-2
0.9766332856461611,-27,-2
1.25567136725935,-26,-2
0.878969957081545,-25,-2
1.25567136725935,-24,-2
1.25567136725935,-23,-2
1.0987124463519313,-22,-2
1.25567136725935,-21,-2
1.25567136725935,-20,-2
0.11268845603609552,-19,-2
0.11268845603609552,-18,-2
0.02790380816131889,-17,-2
0.022480050053236448,-16,-2
0.026962268622133283,-15,-2
0.027045229448662927,-14,-2
0.026797864545169057,-13,-2
0.026635453244895305,-12,-2
0.025185385589729086,-11,-2
0.026395494206653006,-10,-2
0.026082194572152672,-9,-2
0.02615982015123646,-8,-2
0.022889842632331903,-7,-2
0.025700875938056873,-6,-2
0.0226538648732357,-5,-2
0.025776245075705133,-4,-2
0.025700875938056873,-3,-2
0.025852057561221914,-2,-2
0.025852057561221914,-1,-2
0.024147526293449042,0,-2
0.02547739006033464,1,-2
0.025551452240742588,2,-2
0.02547739006033464,3,-2
0.025551452240742588,4,-2
0.025551452240742588,5,-2
0.025551452240742588,6,-2
0.025551452240742588,7,-2
0.02547739006033464,8,-2
0.025551452240742588,9,-2
0.023950135070341827,10,-2
0.025700875938056873,11,-2
0.022537691207219105,12,-2
0.025776245075705133,13,-2
0.026082194572152672,14,-2
0.02615982015123646,15,-2
0.026716412069347873,16,-2
0.027045229448662927,17,-2
0.027128702379060034,18,-2
0.027045229448662927,19,-2
0.02408136868716562,20,-2
0.024214048404450277,21,-2
0.021702961903248025,22,-2
0.02044116179259407,23,-2
0.020488810188381005,24,-2
0.016968531989991216,25,-2
0.016398693229133305,-35,-1
0.015154654432440432,-34,-1
0.019931291543799207,-33,-1
0.02011372899500103,-32,-1
0.025852057561221914,-31,-1
0.02497073741708935,-30,-1
0.025551452240742588,-29,-1
0.024552233438031985,-28,-1
0.18311874105865522,-27,-1
1.25567136725935,-26,-1
0.1723470504081461,-25,-1
1.0987124463519313,-24,-1
0.18701488448543513,-23,-1
1.0987124463519313,-22,-1
1.0987124463519313,-21,-1
1.25567136725935,-20,-1
0.9766332856461611,-19,-1
0.027992673792405894,-18,-1
0.02808210725500144,-17,-1
0.027382241653630686,-16,-1
0.027045229448662927,-15,-1
0.027045229448662927,-14,-1
0.026716412069347873,-13,-1
0.026395494206653006,-12,-1
0.02655498359762976,-11,-1
0.0212311583836122,-10,-1
0.026082194572152672,-9,-1
0.02615982015123646,-8,-1
0.026237909166613286,-7,-1
0.024759717100888593,-6,-1
0.02615982015123646,-5,-1
0.025776245075705133,-4,-1
0.023820324040150272,-3,-1
0.025403755985015753,-2,-1
0.02547739006033464,-1,-1
0.02547739006033464,0,-1
0.02230888215943008,1,-1
0.02547739006033464,2,-1
0.023755944785987703,3,-1
0.02547739006033464,4,-1
0.02242270298677411,5,-1
0.025551452240742588,6,-1
0.022537691207219105,7,-1
0.025551452240742588,8,-1
0.025551452240742588,9,-1
0.02562594627059898,10,-1
0.025852057561221914,11,-1
0.025852057561221914,12,-1
0.025852057561221914,13,-1
0.02615982015123646,14,-1
0.02615982015123646,15,-1
0.026474998707275453,16,-1
0.026716412069347873,17,-1
0.02655498359762976,18,-1
0.026716412069347873,19,-1
0.024147526293449042,20,-1
0.022537691207219105,21,-1
0.017938162389419286,22,-1
0.02082867196875699,23,-1
0.02082867196875699,24,-1
0.01970784657133509,25,-1
0.016553106536375612,-35,0
0.016968531989991216,-34,0
0.020206205909920578,-33,0
0.02015986140095287,-32,0
0.025700875938056873,-31,0
0.02497073741708935,-30,0
0.02547739006033464,-29,0
0.023191819448061875,-28,0
0.7990635973468592,-27,0
0.18311874105865522,-26,0
1.25567136725935,-25,0
0.878969957081545,-24,0
1.25567136725935,-23,0
0.18701488448543513,-22,0
1.25567136725935,-21,0
0.18701488448543513,-20,0
0.05782697086062796,-19,0
0.05820993093255265,-18,0
0.027467811158798282,-17,0
0.026962268622133283,-16,0
0.027045229448662927,-15,0
0.026797864545169057,-14,0
0.026716412069347873,-13,0
0.026716412069347873,-12,0
0.026474998707275453,-11,0
0.026082194572152672,-10,0
0.026082194572152672,-9,0
0.025852057561221914,-8,0
0.025700875938056873,-7,0
0.025852057561221914,-6,0
0.022537691207219105,-5,0
0.025852057561221914,-4,0
0.02242270298677411,-3,0
0.02547739006033464,-2,0
0.02242270298677411,-1,0
0.025551452240742588,0,0
0.02525775738740072,1,0
0.02525775738740072,2,0
0.022252403976747975,3,0
0.02525775738740072,4,0
0.022196211037412754,5,0
0.025185385589729086,6,0
0.022140301185933124,7,0
0.02525775738740072,8,0
0.02525775738740072,9,0
0.025551452240742588,10,0
0.02242270298677411,11,0
0.025551452240742588,12,0
0.02259562871674923,13,0
0.025700875938056873,14,0
0.025776245075705133,15,0
0.024690167333751265,16,0
0.026395494206653006,17,0
0.026395494206653006,18,0
0.026237909166613286,19,0
0.02615982015123646,20,0
0.023885053181563726,21,0
0.02149070799710379,22,0
0.021543381301018263,23,0
0.020346526784295025,24,0
0.019275656953542653,25,0
0.01658433881285934,-35,1
0.017938162389419286,-34,1
0.01740534568478307,-33,1
0.024015572597856423,-32,1
0.024690167333751265,-31,1
0.02525775738740072,-30,1
0.0226538648732357,-29,1
0.03602335889678463,-28,1
0.04013561447860936,-27,1
1.0987124463519313,-26,1
0.878969957081545,-25,1
1.25567136725935,-24,1
1.25567136725935,-23,1
1.25567136725935,-22,1
1.25567136725935,-21,1
1.25567136725935,-20,1
1.25567136725935,-19,1
0.028537985619530686,-18,1
0.028353869583275647,-17,1
0.027212692169707276,-16,1
0.027045229448662927,-15,1
0.027045229448662927,-14,1
0.026716412069347873,-13,1
0.026474998707275453,-12,1
0.026474998707275453,-11,1
0.02615982015123646,-10,1
0.02408136868716562,-9,1
0.025551452240742588,-8,1
0.025776245075705133,-7,1
0.02230888215943008,-6,1
0.025551452240742588,-5,1
0.02230888215943008,-4,1
0.02547739006033464,-3,1
0.022365647762889188,-2,1
0.025551452240742588,-1,1
0.02525775738740072,0,1
0.023885053181563726,1,1
0.022252403976747975,2,1
0.025330546313589195,3,1
0.022140301185933124,4,1
0.02369191258979906,5,1
0.022196211037412754,6,1
0.02525775738740072,7,1
0.022140301185933124,8,1
0.023628224652729707,9,1
0.025403755985015753,10,1
0.025551452240742588,11,1
0.022365647762889188,12,1
0.02547739006033464,13,1
0.022480050053236448,14,1
0.025852057561221914,15,1
0.025776245075705133,16,1
0.02615982015123646,17,1
0.02615982015123646,18,1
0.02497073741708935,19,1
0.025403755985015753,20,1
0.02283038849562455,21,1
0.022889842632331903,22,1
0.021078416236967507,23,1
0.019841308286265125,24,1
0.019886198124016857,25,1
0.016553106536375612,-35,2
0.017133917292037917,-34,2
0.01970784657133509,-33,2
0.01966375742911734,-32,2
0.025113427345187,-31,2
0.022140301185933124,-30,2
0.025185385589729086,-29,2
0.020730423516074178,-28,2
0.878969957081545,-27,2
0.17938162389419288,-26,2
0.878969957081545,-25,2
1.0987124463519313,-24,2
1.25567136725935,-23,2
1.25567136725935,-22,2
1.25567136725935,-21,2
0.1910804254525098,-20,2
0.0627835683629675,-19,2
0.059793874631397625,-18,2
0.027382241653630686,-17,2
0.027045229448662927,-16,2
0.027045229448662927,-15,2
0.026716412069347873,-14,2
0.02655498359762976,-13,2
0.026474998707275453,-12,2
0.026474998707275453,-11,2
0.02615982015123646,-10,2
0.026082194572152672,-9,2
0.025776245075705133,-8,2
0.022537691207219105,-7,2
0.025776245075705133,-6,2
0.02230888215943008,-5,2
0.02547739006033464,-4,2
0.02077943160949279,-3,2
0.02547739006033464,-2,2
0.02525775738740072,-1,2
0.02525775738740072,0,2
0.02525775738740072,1,2
0.025330546313589195,2,2
0.02242270298677411,3,2
0.025185385589729086,4,2
0.022252403976747975,5,2
0.025330546313589195,6,2
0.022196211037412754,7,2
0.02525775738740072,8,2
0.022140301185933124,9,2
0.025330546313589195,10,2
0.022365647762889188,11,2
0.02547739006033464,12,2
0.025551452240742588,13,2
0.025776245075705133,14,2
0.024483842815641924,15,2
0.025776245075705133,16,2
0.026082194572152672,17,2
0.02615982015123646,18,2
0.02615982015123646,19,2
0.023628224652729707,20,2
0.02369191258979906,21,2
0.021702961903248025,22,2
0.02044116179259407,23,2
0.020536681240223016,24,2
0.017829005214635804,25,2
0.017865243030112703,-35,3
0.016710455457824052,-34,3
0.017100582822598152,-33,3
0.019886198124016857,-32,3
0.021919450301285413,-31,3
0.025551452240742588,-30,3
0.02175668210597884,-29,3
0.026082194572152672,-28,3
0.02615982015123646,-27,3
0.27467811158798283,-26,3
1.0987124463519313,-25,3
1.25567136725935,-24,3
1.25567136725935,-23,3
1.25567136725935,-22,3
1.25567136725935,-21,3
1.25567136725935,-20,3
1.25567136725935,-19,3
0.052949997414550906,-18,3
0.027128702379060034,-17,3
0.027128702379060034,-16,3
0.026797864545169057,-15,3
0.026716412069347873,-14,3
0.026716412069347873,-13,3
0.026474998707275453,-12,3
0.026082194572152672,-11,3
0.026237909166613286,-10,3
0.025776245075705133,-9,3
0.025776245075705133,-8,3
0.025776245075705133,-7,3
0.02230888215943008,-6,3
0.02547739006033464,-5,3
0.02230888215943008,-4,3
0.02525775738740072,-3,3
0.022140301185933124,-2,3
0.02525775738740072,-1,3
0.02058477651244836,0,3
0.02525775738740072,1,3
0.022140301185933124,2,3
0.025185385589729086,3,3
0.02044116179259407,4,3
0.025185385589729086,5,3
0.022140301185933124,6,3
0.02525775738740072,7,3
0.023628224652729707,8,3
0.02525775738740072,9,3
0.02208467228848103,10,3
0.02525775738740072,11,3
0.022365647762889188,12,3
0.025403755985015753,13,3
0.02242270298677411,14,3
0.024147526293449042,15,3
0.026005028316022045,16,3
0.026237909166613286,17,3
0.02615982015123646,18,3
0.02497073741708935,19,3
0.02497073741708935,20,3
0.022480050053236448,21,3
0.02242270298677411,22,3
0.02112908550676791,23,3
0.019931291543799207,24,3
0.01997658993367148,25,3
0.0175793991416309,-35,4
0.01680630893081348,-34,4
0.017336685544014695,-33,4
0.02325317346776574,-32,4
0.023191819448061875,-31,4
0.02525775738740072,-30,4
0.025185385589729086,-29,4
0.025403755985015753,-28,4
0.032434315759466606,-27,4
0.1690326840541433,-26,4
1.0987124463519313,-25,4
0.18701488448543513,-24,4
1.25567136725935,-23,4
0.18701488448543513,-22,4
1.25567136725935,-21,4
0.18701488448543513,-20,4
1.25567136725935,-19,4
0.02562594627059898,-18,4
0.029495636143676007,-17,4
0.025330546313589195,-16,4
0.026716412069347873,-15,4
0.026716412069347873,-14,4
0.026474998707275453,-13,4
0.026082194572152672,-12,4
0.02615982015123646,-11,4
0.025852057561221914,-10,4
0.025776245075705133,-9,4
0.025852057561221914,-8,4
0.025551452240742588,-7,4
0.02547739006033464,-6,4
0.025403755985015753,-5,4
0.023885053181563726,-4,4
0.025403755985015753,-3,4
0.025330546313589195,-2,4
0.02208467228848103,-1,4
0.02525775738740072,0,4
0.022140301185933124,1,4
0.02497073741708935,2,4
0.020878146248967815,3,4
0.02497073741708935,4,4
0.02489999878417975,5,4
0.02525775738740072,6,4
0.02369191258979906,7,4
0.025185385589729086,8,4
0.025185385589729086,9,4
0.02525775738740072,10,4
0.023628224652729707,11,4
0.025185385589729086,12,4
0.025113427345187,13,4
0.025551452240742588,14,4
0.02230888215943008,15,4
0.02562594627059898,16,4
0.02259562871674923,17,4
0.026082194572152672,18,4
0.022949607234505093,19,4
0.024690167333751265,20,4
0.02462100720116373,21,4
0.02242270298677411,22,4
0.021027989403864713,23,4
0.019931291543799207,24,4
0.01997658993367148,25,4
0.01618729202728444,-35,5
0.017001353135039556,-34,5
0.018781409339349252,-33,5
0.01906659342910076,-32,5
0.025113427345187,-31,5
0.025185385589729086,-30,5
0.02525775738740072,-29,5
0.02615982015123646,-28,5
0.1723470504081461,-27,5
0.1723470504081461,-26,5
0.18311874105865522,-25,5
1.0987124463519313,-24,5
0.18311874105865522,-23,5
1.25567136725935,-22,5
1.25567136725935,-21,5
1.25567136725935,-20,5
0.07204671779356926,-19,5
0.07146097212045081,-18,5
0.023885053181563726,-17,5
0.026635453244895305,-16,5
0.023564878205939548,-15,5
0.026474998707275453,-14,5
0.02615982015123646,-13,5
0.026237909166613286,-12,5
0.024552233438031985,-11,5
0.02562594627059898,-10,5
0.025852057561221914,-9,5
0.023820324040150272,-8,5
0.025330546313589195,-7,5
0.02562594627059898,-6,5
0.02547739006033464,-5,5
0.025551452240742588,-4,5
0.025330546313589195,-3,5
0.025185385589729086,-2,5
0.02525775738740072,-1,5
0.025113427345187,0,5
0.02497073741708935,1,5
0.02497073741708935,2,5
0.02497073741708935,3,5
0.02497073741708935,4,5
0.02497073741708935,5,5
0.02489999878417975,6,5
0.02504187911913234,7,5
0.02525775738740072,8,5
0.02525775738740072,9,5
0.02525775738740072,10,5
0.02525775738740072,11,5
0.025185385589729086,12,5
0.02525775738740072,13,5
0.025330546313589195,14,5
0.025551452240742588,15,5
0.02259562871674923,16,5
0.026082194572152672,17,5
0.022949607234505093,18,5
0.02615982015123646,19,5
0.024759717100888593,20,5
0.023950135070341827,21,5
0.01910804254525098,22,5
0.021702961903248025,23,5
0.017829005214635804,24,5
0.019149672267571787,25,5
0.014625124077895924,-35,6
0.01720097763368973,-34,6
0.017302558210266637,-33,6
0.022949607234505093,-32,6
0.025185385589729086,-31,6
0.024759717100888593,-30,6
0.02525775738740072,-29,6
0.029298998569384834,-28,6
0.027382241653630686,-27,6
0.878969957081545,-26,6
1.0987124463519313,-25,6
0.7990635973468592,-24,6
1.0987124463519313,-23,6
0.9766332856461611,-22,6
1.25567136725935,-21,6
1.25567136725935,-20,6
1.25567136725935,-19,6
0.031280069647030076,-18,6
0.025403755985015753,-17,6
0.023755944785987703,-16,6
0.026716412069347873,-15,6
0.026237909166613286,-14,6
0.026395494206653006,-13,6
0.02615982015123646,-12,6
0.025776245075705133,-11,6
0.025776245075705133,-10,6
0.025852057561221914,-9,6
0.025776245075705133,-8,6
0.025551452240742588,-7,6
0.025551452240742588,-6,6
0.023885053181563726,-5,6
0.025185385589729086,-4,6
0.025185385589729086,-3,6
0.02525775738740072,-2,6
0.02497073741708935,-1,6
0.02489999878417975,0,6
0.02497073741708935,1,6
0.02325317346776574,2,6
0.02497073741708935,3,6
0.02504187911913234,4,6
0.02489999878417975,5,6
0.02489999878417975,6,6
0.02497073741708935,7,6
0.02497073741708935,8,6
0.02504187911913234,9,6
0.02525775738740072,10,6
0.025330546313589195,11,6
0.02525775738740072,12,6
0.024015572597856423,13,6
0.02525775738740072,14,6
0.025551452240742588,15,6
0.025776245075705133,16,6
0.025852057561221914,17,6
0.02615982015123646,18,6
0.02615982015123646,19,6
0.025852057561221914,20,6
0.023130788344251186,21,6
0.02325317346776574,22,6
0.019752133867001014,23,6
0.02011372899500103,24,6
0.017649999138183634,25,6
0.016460111555834177,-35,7
0.015076671648053945,-34,7
0.01874136369043806,-33,7
0.02489999878417975,-32,7
0.02547739006033464,-31,7
0.024552233438031985,-30,7
0.025700875938056873,-29,7
0.025852057561221914,-28,7
0.09350744224271756,-27,7
1.25567136725935,-26,7
1.25567136725935,-25,7
0.9766332856461611,-24,7
1.0987124463519313,-23,7
1.25567136725935,-22,7
1.25567136725935,-21,7
1.25567136725935,-20,7
0.09766332856461611,-19,7
0.09659010517379617,-18,7
0.02781550497093497,-17,7
0.026716412069347873,-16,7
0.026797864545169057,-15,7
0.024759717100888593,-14,7
0.025928317318039677,-13,7
0.02615982015123646,-12,7
0.022889842632331903,-11,7
0.025776245075705133,-10,7
0.022537691207219105,-9,7
0.02547739006033464,-8,7
0.02547739006033464,-7,7
0.025551452240742588,-6,7
0.020730423516074178,-5,7
0.025113427345187,-4,7
0.016553106536375612,-3,7
0.02525775738740072,-2,7
0.02525775738740072,-1,7
0.02504187911913234,0,7
0.02497073741708935,1,7
0.02337686056067939,2,7
0.02489999878417975,3,7
0.02489999878417975,4,7
0.02497073741708935,5,7
0.02325317346776574,6,7
0.022140301185933124,7,7
0.02497073741708935,8,7
0.02525775738740072,9,7
0.023564878205939548,10,7
0.025185385589729086,11,7
0.02525775738740072,12,7
0.02525775738740072,13,7
0.02547739006033464,14,7
0.025551452240742588,15,7
0.025551452240742588,16,7
0.025852057561221914,17,7
0.025928317318039677,18,7
0.026474998707275453,19,7
0.02489999878417975,20,7
0.02497073741708935,21,7
0.022196211037412754,22,7
0.021864924305511072,23,7
0.020681646048977532,24,7
0.01970784657133509,25,7
0.01642934499217841,-35,8
0.017034301493828393,-34,8
0.017100582822598152,-33,8
0.022252403976747975,-32,8
0.022196211037412754,-31,8
0.02482965980456342,-30,8
0.022140301185933124,-29,8
0.027382241653630686,-28,8
0.025330546313589195,-27,8
1.0987124463519313,-26,8
1.25567136725935,-25,8
0.878969957081545,-24,8
1.0987124463519313,-23,8
1.25567136725935,-22,8
1.25567136725935,-21,8
1.25567136725935,-20,8
1.25567136725935,-19,8
0.035018723389702994,-18,8
0.025330546313589195,-17,8
0.027128702379060034,-16,8
0.026474998707275453,-15,8
0.026082194572152672,-14,8
0.026237909166613286,-13,8
0.02615982015123646,-12,8
0.025776245075705133,-11,8
0.025776245075705133,-10,8
0.025852057561221914,-9,8
0.025551452240742588,-8,8
0.025551452240742588,-7,8
0.022365647762889188,-6,8
0.025403755985015753,-5,8
0.02208467228848103,-4,8
0.025185385589729086,-3,8
0.02208467228848103,-2,8
0.02525775738740072,-1,8
0.02208467228848103,0,8
0.02497073741708935,1,8
0.021919450301285413,2,8
0.02497073741708935,3,8
0.021919450301285413,4,8
0.02497073741708935,5,8
0.021974248927038628,6,8
0.02504187911913234,7,8
0.02497073741708935,8,8
0.02504187911913234,9,8
0.02208467228848103,10,8
0.02525775738740072,11,8
0.022252403976747975,12,8
0.02369191258979906,13,8
0.022365647762889188,14,8
0.025776245075705133,15,8
0.026395494206653006,16,8
0.02655498359762976,17,8
0.027045229448662927,18,8
0.026716412069347873,19,8
0.026797864545169057,20,8
0.02337686056067939,21,8
0.02337686056067939,22,8
0.019796620654989754,23,8
0.02015986140095287,24,8
0.02006780723930468,25,8
0.016398693229133305,-35,9
0.017167381974248927,-34,9
0.018235891225758197,-33,9
0.025700875938056873,-32,9
0.02615982015123646,-31,9
0.024415832141154028,-30,9
0.025403755985015753,-29,9
0.022365647762889188,-28,9
0.06658863311223827,-27,9
1.25567136725935,-26,9
1.25567136725935,-25,9
0.18701488448543513,-24,9
1.0987124463519313,-23,9
0.18701488448543513,-22,9
0.878969957081545,-21,9
0.18701488448543513,-20,9
0.15981271946937184,-19,9
0.02772775889847145,-18,9
0.02772775889847145,-17,9
0.026716412069347873,-16,9
0.02482965980456342,-15,9
0.026395494206653006,-14,9
0.02615982015123646,-13,9
0.025330546313589195,-12,9
0.025776245075705133,-11,9
0.025852057561221914,-10,9
0.02547739006033464,-9,9
0.025551452240742588,-8,9
0.025330546313589195,-7,9
0.023755944785987703,-6,9
0.022252403976747975,-5,9
0.02525775738740072,-4,9
0.022140301185933124,-3,9
0.02525775738740072,-2,9
0.021919450301285413,-1,9
0.02504187911913234,0,9
0.021974248927038628,1,9
0.02489999878417975,2,9
0.021864924305511072,3,9
0.02489999878417975,4,9
0.021919450301285413,5,9
0.02504187911913234,6,9
0.02489999878417975,7,9
0.02504187911913234,8,9
0.021919450301285413,9,9
0.02497073741708935,10,9
0.02208467228848103,11,9
0.025185385589729086,12,9
0.022196211037412754,13,9
0.02525775738740072,14,9
0.026082194572152672,15,9
0.02615982015123646,16,9
0.026716412069347873,17,9
0.026635453244895305,18,9
0.026716412069347873,19,9
0.024759717100888593,20,9
0.024690167333751265,21,9
0.02082867196875699,22,9
0.021179998965820363,23,9
0.02112908550676791,24,9
0.019931291543799207,25,9
0.0175793991416309,-35,10
0.016710455457824052,-34,10
0.01804866441645883,-33,10
0.018622244853422565,-32,10
0.02408136868716562,-31,10
0.02504187911913234,-30,10
0.021864924305511072,-29,10
0.025551452240742588,-28,10
0.06061861772976173,-27,10
1.0987124463519313,-26,10
1.25567136725935,-25,10
0.9766332856461611,-24,10
1.0987124463519313,-23,10
1.25567136725935,-22,10
1.25567136725935,-21,10
1.25567136725935,-20,10
0.15695892090741875,-19,10
0.02808210725500144,-18,10
0.02808210725500144,-17,10
0.026716412069347873,-16,10
0.026316465780884583,-15,10
0.023191819448061875,-14,10
0.02615982015123646,-13,10
0.025852057561221914,-12,10
0.025852057561221914,-11,10
0.025852057561221914,-10,10
0.02547739006033464,-9,10
0.02562594627059898,-8,10
0.02547739006033464,-7,10
0.02525775738740072,-6,10
0.025185385589729086,-5,10
0.02525775738740072,-4,10
0.022140301185933124,-3,10
0.02525775738740072,-2,10
0.021974248927038628,-1,10
0.02504187911913234,0,10
0.02497073741708935,1,10
0.02504187911913234,2,10
0.02489999878417975,3,10
0.02504187911913234,4,10
0.02497073741708935,5,10
0.02489999878417975,6,10
0.02497073741708935,7,10
0.02504187911913234,8,10
0.02497073741708935,9,10
0.02497073741708935,10,10
0.02325317346776574,11,10
0.02489999878417975,12,10
0.02525775738740072,13,10
0.025113427345187,14,10
0.02525775738740072,15,10
0.021386130342616667,16,10
0.023950135070341827,17,10
0.021027989403864713,18,10
0.024483842815641924,19,10
0.023885053181563726,20,10
0.023885053181563726,21,10
0.021919450301285413,22,10
0.020681646048977532,23,10
0.020681646048977532,24,10
0.019360571741884252,25,10
